{"cameraMode":{"drawMode":0,"name":"Shaded","section":"Shading Mode"},"sceneLighting":true,"audioPlay":false,"sceneViewState":{"m_AlwaysRefresh":false,"showFog":true,"showSkybox":true,"showFlares":true,"showImageEffects":true,"showParticleSystems":true,"showVisualEffectGraphs":true,"m_FxEnabled":true},"in2DMode":false,"pivot":{"x":4.5388264656066898,"y":1.104743242263794,"z":-3.995650291442871},"rotation":{"x":0.053604498505592349,"y":0.8192946314811707,"z":-0.07765566557645798,"w":0.565569281578064},"size":12.715828895568848,"orthographic":false}