{"cameraMode":{"drawMode":0,"name":"Shaded","section":"Shading Mode"},"sceneLighting":true,"audioPlay":false,"sceneViewState":{"m_AlwaysRefresh":false,"showFog":true,"showSkybox":true,"showFlares":true,"showImageEffects":true,"showParticleSystems":true,"showVisualEffectGraphs":true,"m_FxEnabled":true},"in2DMode":false,"pivot":{"x":2.5793306827545168,"y":1.2400000095367432,"z":5.570000171661377},"rotation":{"x":-0.11544235795736313,"y":-0.4761381149291992,"z":0.06321755796670914,"w":-0.8694782853126526},"size":2.4124345779418947,"orthographic":false}