{"cameraMode":{"drawMode":0,"name":"Shaded","section":"Shading Mode"},"sceneLighting":true,"audioPlay":false,"sceneViewState":{"m_AlwaysRefresh":false,"showFog":true,"showSkybox":true,"showFlares":true,"showImageEffects":true,"showParticleSystems":true,"showVisualEffectGraphs":true,"m_FxEnabled":true},"in2DMode":false,"pivot":{"x":467.3863830566406,"y":498.0000305175781,"z":0.3100433349609375},"rotation":{"x":0.013190015219151974,"y":-0.0009028930799104273,"z":-0.000011922607882297598,"w":-0.9999131560325623},"size":232.67132568359376,"orthographic":false}