{"cameraMode":{"drawMode":0,"name":"Shaded","section":"Shading Mode"},"sceneLighting":true,"audioPlay":false,"sceneViewState":{"m_AlwaysRefresh":false,"showFog":true,"showSkybox":true,"showFlares":true,"showImageEffects":true,"showParticleSystems":true,"showVisualEffectGraphs":true,"m_FxEnabled":true},"in2DMode":false,"pivot":{"x":0.02792137861251831,"y":0.9495182037353516,"z":0.11824999749660492},"rotation":{"x":-0.18080748617649079,"y":0.005013210698962212,"z":-0.0009215901372954249,"w":-0.9835063815116882},"size":0.11958467215299607,"orthographic":false}